Country,Region,Happiness Rank,Happiness Score,Economy (GDP per Capita),Family,Health (Life Expectancy),Freedom,Trust (Government Corruption),Generosity,Year
Switzerland,Western Europe,1,7.587,1.3965,1.3495,0.9414,0.6656,0.4198,0.2968,2015
Iceland,Western Europe,2,7.561,1.3023,1.4022,0.9478,0.6288,0.1414,0.4363,2015
Denmark,Western Europe,3,7.527,1.3255,1.3606,0.8746,0.6494,0.4836,0.3414,2015
Norway,Western Europe,4,7.522,1.459,1.331,0.8852,0.6697,0.365,0.347,2015
Canada,North America,5,7.427,1.3263,1.3226,0.9056,0.633,0.3296,0.4581,2015
Finland,Western Europe,6,7.406,1.2902,1.3183,0.8891,0.6417,0.4137,0.2335,2015
Netherlands,Western Europe,7,7.378,1.3294,1.2802,0.8928,0.6158,0.3181,0.4761,2015
Sweden,Western Europe,8,7.364,1.3317,1.2891,0.9109,0.6598,0.4384,0.3626,2015
New Zealand,Australia and New Zealand,9,7.286,1.2502,1.3197,0.9084,0.6394,0.4292,0.475,2015
Australia,Australia and New Zealand,10,7.284,1.3336,1.3092,0.9316,0.6512,0.3564,0.4356,2015
Israel,Middle East and Northern Africa,11,7.278,1.2286,1.2239,0.9139,0.4132,0.0778,0.3317,2015
Costa Rica,Latin America and Caribbean,12,7.226,0.9558,1.2379,0.8603,0.6338,0.1058,0.255,2015
Austria,Western Europe,13,7.2,1.3372,1.297,0.8904,0.6243,0.1868,0.3309,2015
Mexico,Latin America and Caribbean,14,7.187,1.0205,0.9145,0.8144,0.4818,0.2131,0.1407,2015
United States,North America,15,7.119,1.3945,1.2471,0.8618,0.546,0.1589,0.401,2015
Brazil,Latin America and Caribbean,16,6.983,0.9812,1.2329,0.697,0.4905,0.1752,0.1457,2015
Luxembourg,Western Europe,17,6.946,1.5639,1.2196,0.9189,0.6158,0.378,0.2803,2015
Ireland,Western Europe,18,6.94,1.336,1.3695,0.8953,0.6178,0.287,0.459,2015
Belgium,Western Europe,19,6.937,1.3078,1.2857,0.8967,0.5845,0.2254,0.2225,2015
United Arab Emirates,Middle East and Northern Africa,20,6.901,1.4273,1.1258,0.8092,0.6416,0.3858,0.2643,2015
United Kingdom,Western Europe,21,6.867,1.2664,1.2855,0.9094,0.5962,0.3207,0.5191,2015
Oman,Middle East and Northern Africa,22,6.853,1.3601,1.0818,0.7628,0.6327,0.3252,0.2154,2015
Venezuela,Latin America and Caribbean,23,6.81,1.0442,1.256,0.7205,0.4291,0.1107,0.0584,2015
Singapore,Southeastern Asia,24,6.798,1.5219,1.02,1.0252,0.5425,0.4921,0.311,2015
Panama,Latin America and Caribbean,25,6.786,1.0635,1.1985,0.7966,0.5421,0.0927,0.2443,2015
Germany,Western Europe,26,6.75,1.3279,1.2994,0.8919,0.6148,0.2184,0.2821,2015
Chile,Latin America and Caribbean,27,6.67,1.1072,1.1245,0.8586,0.4413,0.1287,0.3336,2015
Qatar,Middle East and Northern Africa,28,6.611,1.6904,1.0786,0.7973,0.6404,0.5221,0.3257,2015
France,Western Europe,29,6.575,1.2778,1.2604,0.9458,0.5501,0.2065,0.1233,2015
Argentina,Latin America and Caribbean,30,6.574,1.0535,1.2482,0.7872,0.4497,0.0848,0.1145,2015
Czech Republic,Central and Eastern Europe,31,6.505,1.179,1.2064,0.8448,0.4636,0.0265,0.1069,2015
Uruguay,Latin America and Caribbean,32,6.485,1.0617,1.2089,0.8116,0.6036,0.2456,0.2324,2015
Colombia,Latin America and Caribbean,33,6.477,0.9186,1.2402,0.6908,0.5347,0.0512,0.184,2015
Thailand,Southeastern Asia,34,6.455,0.9669,1.265,0.7385,0.5566,0.0319,0.5763,2015
Saudi Arabia,Middle East and Northern Africa,35,6.411,1.3954,1.0839,0.7202,0.3105,0.3252,0.1371,2015
Spain,Western Europe,36,6.329,1.2301,1.3138,0.9556,0.4595,0.064,0.1823,2015
Malta,Western Europe,37,6.302,1.2074,1.302,0.8872,0.6036,0.1359,0.5175,2015
Taiwan,Eastern Asia,38,6.298,1.291,1.0762,0.8753,0.3974,0.0813,0.2538,2015
Kuwait,Middle East and Northern Africa,39,6.295,1.5542,1.1659,0.7249,0.555,0.2561,0.1623,2015
Suriname,Latin America and Caribbean,40,6.269,0.9953,0.972,0.6082,0.5966,0.1363,0.1699,2015
Trinidad and Tobago,Latin America and Caribbean,41,6.168,1.2118,1.1835,0.6148,0.5588,0.0114,0.3184,2015
El Salvador,Latin America and Caribbean,42,6.13,0.7645,1.0251,0.6774,0.4035,0.1178,0.1069,2015
Guatemala,Latin America and Caribbean,43,6.123,0.7455,1.0436,0.6442,0.5773,0.0947,0.2749,2015
Uzbekistan,Central and Eastern Europe,44,6.003,0.6324,1.3404,0.5977,0.6582,0.3083,0.2284,2015
Slovakia,Central and Eastern Europe,45,5.995,1.1689,1.27,0.789,0.3175,0.0343,0.1689,2015
Japan,Eastern Asia,46,5.987,1.2707,1.2571,0.9911,0.4962,0.1806,0.107,2015
South Korea,Eastern Asia,47,5.984,1.2446,0.9577,0.9654,0.3321,0.0786,0.1856,2015
Ecuador,Latin America and Caribbean,48,5.975,0.864,0.999,0.7907,0.4857,0.1809,0.1154,2015
Bahrain,Middle East and Northern Africa,49,5.96,1.3238,1.2162,0.7472,0.4549,0.306,0.1736,2015
Italy,Western Europe,50,5.948,1.2511,1.1978,0.9545,0.2624,0.029,0.2282,2015
Bolivia,Latin America and Caribbean,51,5.89,0.6813,0.9784,0.5392,0.5741,0.088,0.2054,2015
Moldova,Central and Eastern Europe,52,5.889,0.5945,1.0153,0.6183,0.3282,0.0162,0.2095,2015
Paraguay,Latin America and Caribbean,53,5.878,0.7598,1.3048,0.661,0.539,0.0824,0.3424,2015
Kazakhstan,Central and Eastern Europe,54,5.855,1.1225,1.1224,0.6437,0.5165,0.0845,0.1183,2015
Slovenia,Central and Eastern Europe,55,5.848,1.185,1.2738,0.8734,0.6086,0.0379,0.2533,2015
Lithuania,Central and Eastern Europe,56,5.833,1.1472,1.2574,0.7313,0.2134,0.0103,0.0264,2015
Nicaragua,Latin America and Caribbean,57,5.828,0.5933,1.1418,0.7431,0.5548,0.1932,0.2782,2015
Peru,Latin America and Caribbean,58,5.824,0.9002,0.9746,0.7302,0.415,0.0599,0.1498,2015
Belarus,Central and Eastern Europe,59,5.813,1.0319,1.2329,0.7361,0.3794,0.1909,0.1105,2015
Poland,Central and Eastern Europe,60,5.791,1.1256,1.2795,0.779,0.5312,0.0421,0.1676,2015
Malaysia,Southeastern Asia,61,5.77,1.1249,1.0702,0.7239,0.5302,0.105,0.3308,2015
Croatia,Central and Eastern Europe,62,5.759,1.0825,0.7962,0.788,0.2588,0.0243,0.0544,2015
Libya,Middle East and Northern Africa,63,5.754,1.1314,1.1186,0.7038,0.4167,0.1102,0.183,2015
Russia,Central and Eastern Europe,64,5.716,1.1376,1.2362,0.6693,0.3668,0.03,0.002,2015
Jamaica,Latin America and Caribbean,65,5.709,0.8104,1.151,0.6874,0.5044,0.023,0.2123,2015
North Cyprus,Western Europe,66,5.695,1.2081,1.0701,0.9236,0.4903,0.1428,0.2617,2015
Cyprus,Western Europe,67,5.689,1.2081,0.8932,0.9236,0.4067,0.0615,0.3064,2015
Algeria,Middle East and Northern Africa,68,5.605,0.9393,1.0777,0.6177,0.2858,0.1738,0.0782,2015
Kosovo,Central and Eastern Europe,69,5.589,0.8015,0.812,0.6313,0.2475,0.0474,0.2831,2015
Turkmenistan,Central and Eastern Europe,70,5.548,0.9585,1.2267,0.5389,0.4761,0.3084,0.1698,2015
Mauritius,Sub-Saharan Africa,71,5.477,1.0076,0.9852,0.7095,0.5607,0.0752,0.3774,2015
Hong Kong,Eastern Asia,72,5.474,1.386,1.0582,1.0133,0.5961,0.3712,0.3948,2015
Estonia,Central and Eastern Europe,73,5.429,1.1517,1.2279,0.7736,0.4489,0.1518,0.0868,2015
Indonesia,Southeastern Asia,74,5.399,0.8283,1.0871,0.6379,0.4661,0.0,0.5154,2015
Vietnam,Southeastern Asia,75,5.36,0.6322,0.9123,0.7468,0.5944,0.1044,0.1686,2015
Turkey,Middle East and Northern Africa,76,5.332,1.061,0.9463,0.7317,0.2282,0.1575,0.1225,2015
Kyrgyzstan,Central and Eastern Europe,77,5.286,0.4743,1.1511,0.6509,0.4348,0.0423,0.3003,2015
Nigeria,Sub-Saharan Africa,78,5.268,0.6544,0.9043,0.1601,0.3433,0.0403,0.2723,2015
Bhutan,Southern Asia,79,5.253,0.7704,1.104,0.5741,0.5321,0.1544,0.48,2015
Azerbaijan,Central and Eastern Europe,80,5.212,1.0239,0.9379,0.6404,0.3703,0.1606,0.078,2015
Pakistan,Southern Asia,81,5.194,0.5954,0.4141,0.5147,0.121,0.1046,0.3367,2015
Jordan,Middle East and Northern Africa,82,5.192,0.902,1.0539,0.6964,0.4066,0.1429,0.1105,2015
Montenegro,Central and Eastern Europe,82,5.192,0.9744,0.9056,0.7252,0.1826,0.143,0.1614,2015
China,Eastern Asia,84,5.14,0.8901,0.9468,0.8166,0.517,0.0278,0.0819,2015
Zambia,Sub-Saharan Africa,85,5.129,0.4704,0.9161,0.2992,0.4883,0.1247,0.1959,2015
Romania,Central and Eastern Europe,86,5.124,1.0434,0.8859,0.7689,0.3507,0.0065,0.1375,2015
Serbia,Central and Eastern Europe,87,5.123,0.9205,1.0096,0.7484,0.2011,0.0262,0.1923,2015
Portugal,Western Europe,88,5.102,1.1599,1.1394,0.8752,0.5147,0.0108,0.1372,2015
Latvia,Central and Eastern Europe,89,5.098,1.1131,1.0956,0.7244,0.2967,0.0633,0.1823,2015
Philippines,Southeastern Asia,90,5.073,0.7053,1.0352,0.5811,0.6254,0.1228,0.2499,2015
Somaliland region,Sub-Saharan Africa,91,5.057,0.1885,0.9515,0.4387,0.4658,0.3993,0.5032,2015
Morocco,Middle East and Northern Africa,92,5.013,0.7348,0.641,0.6095,0.4169,0.0855,0.0717,2015
Macedonia,Central and Eastern Europe,93,5.007,0.9185,1.0023,0.7355,0.3346,0.0533,0.2236,2015
Mozambique,Sub-Saharan Africa,94,4.971,0.0831,1.0263,0.0913,0.3404,0.156,0.2227,2015
Albania,Central and Eastern Europe,95,4.959,0.8787,0.8043,0.8132,0.3573,0.0641,0.1427,2015
Bosnia and Herzegovina,Central and Eastern Europe,96,4.949,0.8322,0.9192,0.7908,0.0924,0.0023,0.2481,2015
Lesotho,Sub-Saharan Africa,97,4.898,0.3754,1.041,0.0761,0.3177,0.125,0.1639,2015
Dominican Republic,Latin America and Caribbean,98,4.885,0.8954,1.172,0.6682,0.5767,0.1423,0.2168,2015
Laos,Southeastern Asia,99,4.876,0.5907,0.738,0.5491,0.5959,0.2425,0.4219,2015
Mongolia,Eastern Asia,100,4.874,0.8282,1.3006,0.6027,0.4363,0.0267,0.3323,2015
Swaziland,Sub-Saharan Africa,101,4.867,0.7121,1.0728,0.0757,0.3066,0.0306,0.1826,2015
Greece,Western Europe,102,4.857,1.1541,0.9293,0.8821,0.077,0.014,0.0,2015
Lebanon,Middle East and Northern Africa,103,4.839,1.0256,0.8,0.8395,0.3392,0.0458,0.2185,2015
Hungary,Central and Eastern Europe,104,4.8,1.1209,1.2022,0.759,0.3211,0.0276,0.128,2015
Honduras,Latin America and Caribbean,105,4.788,0.5953,0.9535,0.6951,0.4015,0.0682,0.2303,2015
Tajikistan,Central and Eastern Europe,106,4.786,0.3905,0.8556,0.5738,0.4722,0.1507,0.2297,2015
Tunisia,Middle East and Northern Africa,107,4.739,0.8811,0.6043,0.7379,0.2627,0.0636,0.0643,2015
Palestinian Territories,Middle East and Northern Africa,108,4.715,0.5987,0.9256,0.6602,0.245,0.129,0.1125,2015
Bangladesh,Southern Asia,109,4.694,0.3975,0.4311,0.6016,0.4082,0.1257,0.2122,2015
Iran,Middle East and Northern Africa,110,4.686,1.0088,0.5445,0.698,0.3003,0.0586,0.3809,2015
Ukraine,Central and Eastern Europe,111,4.681,0.7991,1.2028,0.6739,0.2512,0.0296,0.1528,2015
Iraq,Middle East and Northern Africa,112,4.677,0.9855,0.8189,0.6024,0.0,0.1379,0.1792,2015
South Africa,Sub-Saharan Africa,113,4.642,0.9205,1.1847,0.2769,0.3321,0.0888,0.1197,2015
Ghana,Sub-Saharan Africa,114,4.633,0.5456,0.6795,0.4013,0.4234,0.0436,0.2309,2015
Zimbabwe,Sub-Saharan Africa,115,4.61,0.271,1.0328,0.3348,0.2586,0.0808,0.1899,2015
Liberia,Sub-Saharan Africa,116,4.571,0.0712,0.7897,0.342,0.2853,0.0623,0.2436,2015
India,Southern Asia,117,4.565,0.645,0.3817,0.5153,0.3979,0.0849,0.2648,2015
Sudan,Sub-Saharan Africa,118,4.55,0.5211,1.014,0.3688,0.1008,0.1466,0.1906,2015
Haiti,Latin America and Caribbean,119,4.518,0.2667,0.743,0.3885,0.2442,0.1718,0.4619,2015
Congo (Kinshasa),Sub-Saharan Africa,120,4.517,0.0,1.0012,0.0981,0.226,0.0762,0.2483,2015
Nepal,Southern Asia,121,4.514,0.36,0.8645,0.5687,0.3828,0.0591,0.323,2015
Ethiopia,Sub-Saharan Africa,122,4.512,0.1907,0.6041,0.4406,0.4345,0.1505,0.2432,2015
Sierra Leone,Sub-Saharan Africa,123,4.507,0.3302,0.9557,0.0,0.4084,0.0879,0.2149,2015
Mauritania,Sub-Saharan Africa,124,4.436,0.4541,0.8691,0.3587,0.2423,0.1746,0.219,2015
Kenya,Sub-Saharan Africa,125,4.419,0.3647,0.9988,0.4144,0.4222,0.0584,0.3754,2015
Djibouti,Sub-Saharan Africa,126,4.369,0.4402,0.5921,0.3629,0.4607,0.281,0.1809,2015
Armenia,Central and Eastern Europe,127,4.35,0.7682,0.7771,0.7299,0.1985,0.039,0.0786,2015
Botswana,Sub-Saharan Africa,128,4.332,0.9936,1.1046,0.0478,0.495,0.1247,0.1046,2015
Myanmar,Southeastern Asia,129,4.307,0.2711,0.709,0.4825,0.4402,0.1903,0.7959,2015
Georgia,Central and Eastern Europe,130,4.297,0.7419,0.3856,0.7293,0.4058,0.3833,0.0555,2015
Malawi,Sub-Saharan Africa,131,4.292,0.016,0.4113,0.2256,0.4305,0.0698,0.3313,2015
Sri Lanka,Southern Asia,132,4.271,0.8352,1.019,0.7081,0.5373,0.0918,0.4083,2015
Cameroon,Sub-Saharan Africa,133,4.252,0.4225,0.8877,0.234,0.4931,0.0579,0.2062,2015
Bulgaria,Central and Eastern Europe,134,4.218,1.0122,1.1061,0.7665,0.3059,0.0087,0.1192,2015
Egypt,Middle East and Northern Africa,135,4.194,0.8818,0.747,0.6171,0.1729,0.0632,0.1129,2015
Yemen,Middle East and Northern Africa,136,4.077,0.5465,0.6809,0.4006,0.3557,0.0785,0.0913,2015
Angola,Sub-Saharan Africa,137,4.033,0.7578,0.8604,0.1668,0.1038,0.0712,0.1234,2015
Mali,Sub-Saharan Africa,138,3.995,0.2607,1.0353,0.2058,0.3886,0.1235,0.188,2015
Congo (Brazzaville),Sub-Saharan Africa,139,3.989,0.6787,0.6629,0.3105,0.4147,0.1169,0.1239,2015
Comoros,Sub-Saharan Africa,140,3.956,0.2391,0.7927,0.3631,0.2292,0.199,0.1744,2015
Uganda,Sub-Saharan Africa,141,3.931,0.211,1.133,0.3386,0.4573,0.0727,0.2907,2015
Senegal,Sub-Saharan Africa,142,3.904,0.365,0.9762,0.4354,0.3677,0.1071,0.2084,2015
Gabon,Sub-Saharan Africa,143,3.896,1.0602,0.9053,0.4337,0.3191,0.1109,0.0682,2015
Niger,Sub-Saharan Africa,144,3.845,0.0694,0.7726,0.2971,0.4769,0.1564,0.1939,2015
Cambodia,Southeastern Asia,145,3.819,0.4604,0.6274,0.6111,0.6625,0.0725,0.4036,2015
Tanzania,Sub-Saharan Africa,146,3.781,0.2852,1.0027,0.3822,0.3288,0.0575,0.3438,2015
Madagascar,Sub-Saharan Africa,147,3.681,0.2082,0.668,0.4672,0.1918,0.0812,0.2133,2015
Central African Republic,Sub-Saharan Africa,148,3.678,0.0785,0.0,0.067,0.4888,0.0829,0.2384,2015
Chad,Sub-Saharan Africa,149,3.667,0.3419,0.7606,0.1501,0.235,0.0527,0.1839,2015
Guinea,Sub-Saharan Africa,150,3.656,0.1742,0.4648,0.2401,0.3772,0.1214,0.2866,2015
Ivory Coast,Sub-Saharan Africa,151,3.655,0.4653,0.7712,0.1519,0.4687,0.1792,0.2016,2015
Burkina Faso,Sub-Saharan Africa,152,3.587,0.2581,0.8519,0.2712,0.3949,0.1283,0.2175,2015
Afghanistan,Southern Asia,153,3.575,0.3198,0.3028,0.3034,0.2341,0.0972,0.3651,2015
Rwanda,Sub-Saharan Africa,154,3.465,0.2221,0.7737,0.4286,0.592,0.5519,0.2263,2015
Benin,Sub-Saharan Africa,155,3.34,0.2866,0.3539,0.3191,0.4845,0.0801,0.1826,2015
Syria,Middle East and Northern Africa,156,3.006,0.6632,0.4749,0.7219,0.1568,0.1891,0.4718,2015
Burundi,Sub-Saharan Africa,157,2.905,0.0153,0.4159,0.224,0.1185,0.1006,0.1973,2015
Togo,Sub-Saharan Africa,158,2.839,0.2087,0.14,0.2844,0.3645,0.1073,0.1668,2015
Denmark,Western Europe,1,7.526,1.4418,1.1637,0.795,0.5794,0.4445,0.3617,2016
Switzerland,Western Europe,2,7.509,1.5273,1.1452,0.863,0.5856,0.412,0.2808,2016
Iceland,Western Europe,3,7.501,1.4267,1.1833,0.8673,0.5662,0.1498,0.4768,2016
Norway,Western Europe,4,7.498,1.5774,1.1269,0.7958,0.5961,0.3578,0.379,2016
Finland,Western Europe,5,7.413,1.406,1.1346,0.8109,0.571,0.41,0.2549,2016
Canada,North America,6,7.404,1.4402,1.0961,0.8276,0.5737,0.3133,0.4483,2016
Netherlands,Western Europe,7,7.339,1.4647,1.0291,0.8123,0.5521,0.2993,0.4742,2016
New Zealand,Australia and New Zealand,8,7.334,1.3607,1.1728,0.831,0.5815,0.419,0.494,2016
Australia,Australia and New Zealand,9,7.313,1.4444,1.1048,0.8512,0.5684,0.3233,0.4741,2016
Sweden,Western Europe,10,7.291,1.4518,1.0876,0.8312,0.5822,0.4087,0.3825,2016
Israel,Middle East and Northern Africa,11,7.267,1.3377,0.9954,0.8492,0.3643,0.0873,0.3229,2016
Austria,Western Europe,12,7.119,1.4504,1.0838,0.8056,0.5436,0.2135,0.3286,2016
United States,North America,13,7.104,1.508,1.0478,0.779,0.4816,0.1487,0.4108,2016
Costa Rica,Latin America and Caribbean,14,7.087,1.0688,1.0215,0.7615,0.5522,0.1055,0.2255,2016
Puerto Rico,Latin America and Caribbean,15,7.039,1.3594,1.0811,0.7776,0.4682,0.1228,0.222,2016
Germany,Western Europe,16,6.994,1.4479,1.0977,0.8149,0.5347,0.2855,0.3045,2016
Brazil,Latin America and Caribbean,17,6.952,1.0875,1.0394,0.6142,0.4042,0.1417,0.1578,2016
Belgium,Western Europe,18,6.929,1.4254,1.0525,0.8196,0.5135,0.2625,0.2424,2016
Ireland,Western Europe,19,6.907,1.4834,1.1616,0.8146,0.5401,0.2975,0.4496,2016
Luxembourg,Western Europe,20,6.871,1.6975,1.04,0.8454,0.5487,0.3533,0.2757,2016
Mexico,Latin America and Caribbean,21,6.778,1.1151,0.7146,0.7114,0.3771,0.1836,0.1174,2016
Singapore,Southeastern Asia,22,6.739,1.6456,0.8676,0.9472,0.4877,0.4699,0.3271,2016
United Kingdom,Western Europe,23,6.725,1.4028,1.0867,0.8099,0.5004,0.274,0.5016,2016
Chile,Latin America and Caribbean,24,6.705,1.2167,0.9059,0.8188,0.3779,0.1145,0.316,2016
Panama,Latin America and Caribbean,25,6.701,1.1831,0.9891,0.7084,0.4893,0.0842,0.2418,2016
Argentina,Latin America and Caribbean,26,6.65,1.1514,1.0661,0.6971,0.4228,0.073,0.1099,2016
Czech Republic,Central and Eastern Europe,27,6.596,1.3092,1.0079,0.7638,0.4142,0.0399,0.0993,2016
United Arab Emirates,Middle East and Northern Africa,28,6.573,1.5735,0.8711,0.7299,0.5622,0.3556,0.2659,2016
Uruguay,Latin America and Caribbean,29,6.545,1.1816,1.0314,0.7218,0.5439,0.2139,0.1806,2016
Malta,Western Europe,30,6.488,1.3078,1.0988,0.8032,0.5499,0.1755,0.5624,2016
Colombia,Latin America and Caribbean,31,6.481,1.0303,1.0217,0.5966,0.4474,0.054,0.1563,2016
France,Western Europe,32,6.478,1.3949,1.0051,0.838,0.4656,0.1781,0.1216,2016
Thailand,Southeastern Asia,33,6.474,1.0893,1.0448,0.6492,0.4955,0.0283,0.587,2016
Saudi Arabia,Middle East and Northern Africa,34,6.379,1.4895,0.8483,0.5927,0.379,0.3001,0.1546,2016
Taiwan,Eastern Asia,34,6.379,1.3973,0.9262,0.7956,0.3238,0.0663,0.255,2016
Qatar,Middle East and Northern Africa,36,6.375,1.8243,0.8796,0.7172,0.5668,0.4805,0.3239,2016
Spain,Western Europe,37,6.361,1.3425,1.1294,0.879,0.3754,0.0614,0.1766,2016
Algeria,Middle East and Northern Africa,38,6.355,1.0527,0.8331,0.618,0.2101,0.1616,0.0704,2016
Guatemala,Latin America and Caribbean,39,6.324,0.8345,0.8712,0.5404,0.5038,0.087,0.2881,2016
Suriname,Latin America and Caribbean,40,6.269,1.0969,0.7787,0.5093,0.5223,0.1269,0.1666,2016
Kuwait,Middle East and Northern Africa,41,6.239,1.6171,0.8776,0.6357,0.4317,0.2367,0.1596,2016
Bahrain,Middle East and Northern Africa,42,6.218,1.4402,0.944,0.657,0.4738,0.2577,0.1715,2016
Trinidad and Tobago,Latin America and Caribbean,43,6.168,1.3257,0.9857,0.5261,0.4845,0.0124,0.3194,2016
Venezuela,Latin America and Caribbean,44,6.084,1.1337,1.033,0.619,0.1985,0.083,0.0425,2016
Slovakia,Central and Eastern Europe,45,6.078,1.2797,1.0827,0.7037,0.2339,0.0295,0.1384,2016
El Salvador,Latin America and Caribbean,46,6.068,0.8737,0.8098,0.596,0.3727,0.1061,0.0888,2016
Malaysia,Southeastern Asia,47,6.005,1.2514,0.8802,0.6237,0.3903,0.0908,0.4147,2016
Nicaragua,Latin America and Caribbean,48,5.992,0.6938,0.8952,0.6521,0.4658,0.1629,0.2977,2016
Uzbekistan,Central and Eastern Europe,49,5.987,0.7359,1.1681,0.5016,0.6085,0.2833,0.3433,2016
Italy,Western Europe,50,5.977,1.355,1.0417,0.851,0.1883,0.0256,0.1668,2016
Ecuador,Latin America and Caribbean,51,5.976,0.9731,0.8597,0.6861,0.4027,0.1804,0.1007,2016
Belize,Latin America and Caribbean,52,5.956,0.8762,0.6866,0.4557,0.5123,0.1077,0.2368,2016
Japan,Eastern Asia,53,5.921,1.3801,1.0605,0.9149,0.4676,0.1898,0.1022,2016
Kazakhstan,Central and Eastern Europe,54,5.919,1.2294,0.9554,0.5739,0.4052,0.1113,0.1501,2016
Moldova,Central and Eastern Europe,55,5.897,0.6918,0.8313,0.5231,0.252,0.019,0.2,2016
Russia,Central and Eastern Europe,56,5.856,1.2323,1.0526,0.5899,0.3268,0.0359,0.0274,2016
Poland,Central and Eastern Europe,57,5.835,1.2458,1.0468,0.6906,0.4519,0.055,0.1444,2016
South Korea,Eastern Asia,57,5.835,1.3595,0.7219,0.8864,0.2517,0.0772,0.1882,2016
Bolivia,Latin America and Caribbean,59,5.822,0.7942,0.8378,0.4697,0.5096,0.0775,0.217,2016
Lithuania,Central and Eastern Europe,60,5.813,1.2692,1.0641,0.6467,0.1893,0.0182,0.0202,2016
Belarus,Central and Eastern Europe,61,5.802,1.1306,1.0499,0.631,0.2909,0.1746,0.1394,2016
North Cyprus,Western Europe,62,5.771,1.3114,0.8183,0.8414,0.436,0.1658,0.2632,2016
Slovenia,Central and Eastern Europe,63,5.768,1.2995,1.0561,0.7915,0.5316,0.0364,0.2574,2016
Peru,Latin America and Caribbean,64,5.743,0.996,0.8126,0.6299,0.375,0.0529,0.1453,2016
Turkmenistan,Central and Eastern Europe,65,5.658,1.0802,1.0382,0.4401,0.3741,0.2847,0.2257,2016
Mauritius,Sub-Saharan Africa,66,5.648,1.1437,0.757,0.6619,0.4614,0.052,0.3695,2016
Libya,Middle East and Northern Africa,67,5.615,1.0669,0.9508,0.523,0.4067,0.1034,0.1709,2016
Latvia,Central and Eastern Europe,68,5.56,1.2179,0.9502,0.6395,0.28,0.0889,0.1744,2016
Cyprus,Western Europe,69,5.546,1.3186,0.707,0.8488,0.2951,0.0523,0.2791,2016
Paraguay,Latin America and Caribbean,70,5.538,0.8937,1.1111,0.583,0.4624,0.074,0.253,2016
Romania,Central and Eastern Europe,71,5.528,1.1697,0.728,0.676,0.3671,0.0068,0.1289,2016
Estonia,Central and Eastern Europe,72,5.517,1.2796,1.0516,0.681,0.4151,0.1852,0.0842,2016
Jamaica,Latin America and Caribbean,73,5.51,0.8933,0.9637,0.5947,0.436,0.0429,0.2224,2016
Croatia,Central and Eastern Europe,74,5.488,1.1865,0.6081,0.7052,0.2391,0.04,0.1843,2016
Hong Kong,Eastern Asia,75,5.458,1.5107,0.8702,0.9528,0.4808,0.3165,0.401,2016
Somalia,Sub-Saharan Africa,76,5.44,0.0,0.3361,0.1147,0.5678,0.3118,0.2722,2016
Kosovo,Central and Eastern Europe,77,5.401,0.9014,0.6606,0.54,0.144,0.0655,0.2799,2016
Turkey,Middle East and Northern Africa,78,5.389,1.1649,0.8772,0.6472,0.2389,0.1235,0.0471,2016
Indonesia,Southeastern Asia,79,5.314,0.951,0.8762,0.4937,0.3924,0.0032,0.5652,2016
Jordan,Middle East and Northern Africa,80,5.303,0.9967,0.8622,0.6071,0.3602,0.133,0.1426,2016
Azerbaijan,Central and Eastern Europe,81,5.291,1.1237,0.7604,0.545,0.3533,0.1791,0.0564,2016
Philippines,Southeastern Asia,82,5.279,0.8122,0.8788,0.4704,0.5485,0.1176,0.2167,2016
China,Eastern Asia,83,5.245,1.0278,0.7938,0.7356,0.4401,0.0274,0.0496,2016
Bhutan,Southern Asia,84,5.196,0.8527,0.9084,0.4976,0.4607,0.1616,0.4855,2016
Kyrgyzstan,Central and Eastern Europe,85,5.185,0.5604,0.9543,0.5545,0.4021,0.0476,0.3843,2016
Serbia,Central and Eastern Europe,86,5.177,1.0344,0.8133,0.6458,0.1572,0.0434,0.2074,2016
Bosnia and Herzegovina,Central and Eastern Europe,87,5.163,0.9338,0.6437,0.7077,0.0951,0.0,0.2989,2016
Montenegro,Central and Eastern Europe,88,5.161,1.0784,0.7417,0.6353,0.1511,0.1272,0.1719,2016
Dominican Republic,Latin America and Caribbean,89,5.155,1.0279,0.995,0.5767,0.5226,0.1237,0.2129,2016
Morocco,Middle East and Northern Africa,90,5.151,0.8406,0.386,0.5947,0.2565,0.084,0.0405,2016
Hungary,Central and Eastern Europe,91,5.145,1.2414,0.9316,0.6761,0.1977,0.0447,0.099,2016
Pakistan,Southern Asia,92,5.132,0.6882,0.2614,0.4031,0.1462,0.1388,0.3118,2016
Lebanon,Middle East and Northern Africa,93,5.129,1.1227,0.6418,0.7617,0.2623,0.0306,0.2369,2016
Portugal,Western Europe,94,5.123,1.2761,0.9437,0.7936,0.4473,0.0152,0.1169,2016
Macedonia,Central and Eastern Europe,95,5.121,1.0193,0.7824,0.6474,0.2767,0.0705,0.2351,2016
Vietnam,Southeastern Asia,96,5.061,0.7404,0.7912,0.6616,0.5595,0.1156,0.2507,2016
Somaliland Region,Sub-Saharan Africa,97,5.057,0.2556,0.7586,0.3311,0.3913,0.3679,0.5148,2016
Tunisia,Middle East and Northern Africa,98,5.045,0.9772,0.4316,0.5958,0.2355,0.0817,0.0394,2016
Greece,Western Europe,99,5.033,1.2489,0.7547,0.8003,0.0582,0.0413,0.0,2016
Tajikistan,Central and Eastern Europe,100,4.996,0.4884,0.756,0.5312,0.4341,0.1351,0.26,2016
Mongolia,Eastern Asia,101,4.907,0.9885,1.0898,0.5547,0.3597,0.0328,0.3454,2016
Laos,Southeastern Asia,102,4.876,0.6804,0.5497,0.3829,0.5217,0.2242,0.4308,2016
Nigeria,Sub-Saharan Africa,103,4.875,0.7522,0.645,0.0511,0.2785,0.0305,0.2322,2016
Honduras,Latin America and Caribbean,104,4.871,0.6943,0.756,0.5838,0.2676,0.0691,0.2044,2016
Iran,Middle East and Northern Africa,105,4.813,1.1176,0.3886,0.6423,0.2254,0.0557,0.3854,2016
Zambia,Sub-Saharan Africa,106,4.795,0.612,0.6376,0.2357,0.4266,0.1148,0.1787,2016
Nepal,Southern Asia,107,4.793,0.4463,0.697,0.5007,0.3701,0.0701,0.3816,2016
Palestinian Territories,Middle East and Northern Africa,108,4.754,0.6702,0.7163,0.5684,0.1774,0.1061,0.1115,2016
Albania,Central and Eastern Europe,109,4.655,0.9553,0.5016,0.7301,0.3187,0.053,0.1684,2016
Bangladesh,Southern Asia,110,4.643,0.5418,0.2475,0.5299,0.3978,0.1258,0.1913,2016
Sierra Leone,Sub-Saharan Africa,111,4.635,0.3648,0.628,0.0,0.3068,0.082,0.239,2016
Iraq,Middle East and Northern Africa,112,4.575,1.0747,0.592,0.5108,0.2486,0.1364,0.1959,2016
Namibia,Sub-Saharan Africa,113,4.574,0.9329,0.7036,0.3474,0.4861,0.104,0.078,2016
Cameroon,Sub-Saharan Africa,114,4.513,0.525,0.6254,0.127,0.4274,0.0613,0.2268,2016
Ethiopia,Sub-Saharan Africa,115,4.508,0.2928,0.3793,0.3458,0.367,0.1717,0.2952,2016
South Africa,Sub-Saharan Africa,116,4.459,1.0242,0.9605,0.1861,0.4248,0.0842,0.1366,2016
Sri Lanka,Southern Asia,117,4.415,0.9732,0.8478,0.6201,0.5082,0.0796,0.4698,2016
India,Southern Asia,118,4.404,0.7404,0.2925,0.4509,0.4028,0.0872,0.2503,2016
Myanmar,Southeastern Asia,119,4.395,0.3411,0.6998,0.3988,0.4269,0.2024,0.8197,2016
Egypt,Middle East and Northern Africa,120,4.362,0.954,0.4981,0.5212,0.1885,0.1039,0.1271,2016
Armenia,Central and Eastern Europe,121,4.36,0.8609,0.6248,0.6408,0.1404,0.0362,0.0779,2016
Kenya,Sub-Saharan Africa,122,4.356,0.5227,0.7624,0.3015,0.4058,0.0669,0.4133,2016
Ukraine,Central and Eastern Europe,123,4.324,0.8729,1.0141,0.5863,0.1286,0.0183,0.2036,2016
Ghana,Sub-Saharan Africa,124,4.276,0.6311,0.4935,0.2968,0.4097,0.0326,0.212,2016
Congo (Kinshasa),Sub-Saharan Africa,125,4.272,0.0566,0.8068,0.188,0.156,0.0608,0.2546,2016
Georgia,Central and Eastern Europe,126,4.252,0.8379,0.1925,0.6404,0.3246,0.3188,0.0679,2016
Congo (Brazzaville),Sub-Saharan Africa,127,4.236,0.7711,0.478,0.2821,0.3794,0.0975,0.1208,2016
Senegal,Sub-Saharan Africa,128,4.219,0.4431,0.7742,0.4046,0.3106,0.1168,0.191,2016
Bulgaria,Central and Eastern Europe,129,4.217,1.1131,0.9254,0.6781,0.2122,0.0062,0.1279,2016
Mauritania,Sub-Saharan Africa,130,4.201,0.6139,0.8414,0.2864,0.1268,0.1795,0.2269,2016
Zimbabwe,Sub-Saharan Africa,131,4.193,0.3504,0.7148,0.1595,0.2543,0.0858,0.185,2016
Malawi,Sub-Saharan Africa,132,4.156,0.0871,0.147,0.2936,0.4143,0.0756,0.3097,2016
Sudan,Sub-Saharan Africa,133,4.139,0.6307,0.8193,0.2976,0.0,0.1004,0.1808,2016
Gabon,Sub-Saharan Africa,134,4.121,1.1585,0.7237,0.3494,0.281,0.0931,0.0624,2016
Mali,Sub-Saharan Africa,135,4.073,0.3129,0.8633,0.1635,0.2754,0.1365,0.2106,2016
Haiti,Latin America and Caribbean,136,4.028,0.341,0.2956,0.2749,0.1207,0.1448,0.4796,2016
Botswana,Sub-Saharan Africa,137,3.974,1.0943,0.8919,0.3475,0.4409,0.1077,0.1242,2016
Comoros,Sub-Saharan Africa,138,3.956,0.2751,0.6032,0.2998,0.1541,0.1844,0.1827,2016
Ivory Coast,Sub-Saharan Africa,139,3.916,0.5551,0.5758,0.0448,0.4066,0.1553,0.2034,2016
Cambodia,Southeastern Asia,140,3.907,0.556,0.5375,0.4249,0.5885,0.0809,0.4034,2016
Angola,Sub-Saharan Africa,141,3.866,0.8473,0.6637,0.0499,0.0059,0.0843,0.1207,2016
Niger,Sub-Saharan Africa,142,3.856,0.1327,0.6053,0.2616,0.3804,0.1718,0.2097,2016
South Sudan,Sub-Saharan Africa,143,3.832,0.3939,0.1852,0.1578,0.1966,0.1301,0.259,2016
Chad,Sub-Saharan Africa,144,3.763,0.4221,0.6318,0.0382,0.1281,0.0495,0.1867,2016
Burkina Faso,Sub-Saharan Africa,145,3.739,0.32,0.6305,0.213,0.3337,0.1253,0.2435,2016
Uganda,Sub-Saharan Africa,145,3.739,0.3472,0.9098,0.1962,0.4365,0.0644,0.271,2016
Yemen,Middle East and Northern Africa,147,3.724,0.5794,0.4749,0.3105,0.2287,0.0589,0.0982,2016
Madagascar,Sub-Saharan Africa,148,3.695,0.2795,0.4612,0.3711,0.1368,0.0751,0.2204,2016
Tanzania,Sub-Saharan Africa,149,3.666,0.4716,0.7762,0.357,0.3176,0.051,0.3147,2016
Liberia,Sub-Saharan Africa,150,3.622,0.1071,0.5035,0.2316,0.2575,0.0485,0.2406,2016
Guinea,Sub-Saharan Africa,151,3.607,0.2242,0.3109,0.1883,0.3095,0.1192,0.2991,2016
Rwanda,Sub-Saharan Africa,152,3.515,0.3285,0.6159,0.3186,0.5432,0.5052,0.2355,2016
Benin,Sub-Saharan Africa,153,3.484,0.395,0.1042,0.2103,0.3975,0.0668,0.2018,2016
Afghanistan,Southern Asia,154,3.36,0.3823,0.1104,0.1734,0.1643,0.0711,0.3127,2016
Togo,Sub-Saharan Africa,155,3.303,0.2812,0.0,0.2481,0.3468,0.1159,0.1752,2016
Syria,Middle East and Northern Africa,156,3.069,0.7472,0.1487,0.6299,0.0691,0.1723,0.484,2016
Burundi,Sub-Saharan Africa,157,2.905,0.0683,0.2344,0.1575,0.0432,0.0942,0.2029,2016
Norway,Western Europe,1,7.537,1.6165,1.5335,0.7967,0.6354,0.316,0.362,2017
Denmark,Western Europe,2,7.522,1.4824,1.5511,0.7926,0.626,0.4008,0.3553,2017
Iceland,Western Europe,3,7.504,1.4806,1.6106,0.8336,0.6272,0.1535,0.4755,2017
Switzerland,Western Europe,4,7.494,1.565,1.5169,0.8581,0.6201,0.367,0.2905,2017
Finland,Western Europe,5,7.469,1.4436,1.5402,0.8092,0.618,0.3826,0.2455,2017
Netherlands,Western Europe,6,7.377,1.5039,1.4289,0.8107,0.5854,0.2827,0.4705,2017
Canada,North America,7,7.316,1.4792,1.4813,0.8346,0.6111,0.2874,0.4355,2017
New Zealand,Australia and New Zealand,8,7.314,1.4057,1.5482,0.8168,0.6141,0.3828,0.5,2017
Sweden,Western Europe,9,7.284,1.4944,1.4782,0.8309,0.6129,0.3844,0.3854,2017
Australia,Australia and New Zealand,10,7.284,1.4844,1.51,0.8439,0.6016,0.3012,0.4777,2017
Israel,Middle East and Northern Africa,11,7.213,1.3754,1.3763,0.8384,0.406,0.0852,0.3301,2017
Costa Rica,Latin America and Caribbean,12,7.079,1.1097,1.4164,0.7595,0.5801,0.1001,0.2146,2017
Austria,Western Europe,13,7.006,1.4871,1.4599,0.8153,0.5678,0.2211,0.3165,2017
United States,North America,14,6.993,1.5463,1.4199,0.7743,0.5057,0.1356,0.3926,2017
Ireland,Western Europe,15,6.977,1.5357,1.5582,0.8098,0.5731,0.2984,0.4279,2017
Germany,Western Europe,16,6.951,1.4879,1.4725,0.799,0.5625,0.2767,0.3363,2017
Belgium,Western Europe,17,6.891,1.4638,1.4623,0.8181,0.5398,0.2513,0.2315,2017
Luxembourg,Western Europe,18,6.863,1.7419,1.4576,0.8451,0.5966,0.3188,0.2832,2017
United Kingdom,Western Europe,19,6.714,1.4416,1.4965,0.8053,0.5082,0.2654,0.4928,2017
Chile,Latin America and Caribbean,20,6.652,1.2528,1.284,0.8195,0.3769,0.0823,0.3267,2017
United Arab Emirates,Middle East and Northern Africa,21,6.648,1.6263,1.2664,0.7268,0.6083,0.3245,0.3609,2017
Brazil,Latin America and Caribbean,22,6.635,1.1074,1.4313,0.6166,0.4375,0.1111,0.1623,2017
Czech Republic,Central and Eastern Europe,23,6.609,1.3527,1.4339,0.7544,0.4909,0.0369,0.0881,2017
Argentina,Latin America and Caribbean,24,6.599,1.1853,1.4405,0.6951,0.4945,0.0597,0.1095,2017
Mexico,Latin America and Caribbean,25,6.578,1.1532,1.2109,0.71,0.4127,0.1328,0.121,2017
Singapore,Southeastern Asia,26,6.572,1.6923,1.3538,0.9495,0.5498,0.4643,0.346,2017
Malta,Western Europe,27,6.527,1.3433,1.4884,0.8219,0.5888,0.1531,0.5747,2017
Uruguay,Latin America and Caribbean,28,6.454,1.2176,1.4122,0.7192,0.5794,0.1781,0.1751,2017
Guatemala,Latin America and Caribbean,29,6.454,0.872,1.2556,0.5402,0.5313,0.0772,0.2835,2017
Panama,Latin America and Caribbean,30,6.452,1.2337,1.3732,0.7062,0.55,0.071,0.2106,2017
France,Western Europe,31,6.442,1.4309,1.3878,0.8445,0.4702,0.1725,0.1298,2017
Thailand,Southeastern Asia,32,6.424,1.1279,1.4258,0.6472,0.5802,0.0316,0.5721,2017
Taiwan,Eastern Asia,33,6.422,1.4336,1.3846,0.794,0.3615,0.0638,0.2584,2017
Spain,Western Europe,34,6.403,1.3844,1.5321,0.889,0.4088,0.0709,0.1901,2017
Qatar,Middle East and Northern Africa,35,6.375,1.8708,1.2743,0.7101,0.6041,0.4393,0.3305,2017
Colombia,Latin America and Caribbean,36,6.357,1.0706,1.4022,0.595,0.4775,0.0467,0.149,2017
Saudi Arabia,Middle East and Northern Africa,37,6.344,1.5306,1.2867,0.5901,0.4498,0.2734,0.1476,2017
Trinidad and Tobago,Latin America and Caribbean,38,6.168,1.3614,1.3802,0.52,0.5186,0.009,0.3253,2017
Kuwait,Middle East and Northern Africa,39,6.105,1.633,1.2597,0.6321,0.4963,0.2152,0.2283,2017
Slovakia,Central and Eastern Europe,40,6.098,1.3254,1.5051,0.7127,0.2958,0.0242,0.1365,2017
Bahrain,Middle East and Northern Africa,41,6.087,1.4884,1.3231,0.6531,0.5367,0.257,0.1727,2017
Malaysia,Southeastern Asia,42,6.084,1.2912,1.2846,0.6188,0.4023,0.0656,0.4166,2017
Nicaragua,Latin America and Caribbean,43,6.071,0.7373,1.2872,0.6531,0.4476,0.1307,0.3017,2017
Ecuador,Latin America and Caribbean,44,6.008,1.0008,1.2862,0.6856,0.4552,0.1401,0.1501,2017
El Salvador,Latin America and Caribbean,45,6.003,0.9098,1.1821,0.596,0.4325,0.09,0.0783,2017
Poland,Central and Eastern Europe,46,5.973,1.2918,1.4457,0.6995,0.5203,0.0593,0.1585,2017
Uzbekistan,Central and Eastern Europe,47,5.971,0.7864,1.549,0.4983,0.6582,0.2465,0.416,2017
Italy,Western Europe,48,5.964,1.3951,1.4449,0.8531,0.2565,0.028,0.1728,2017
Russia,Central and Eastern Europe,49,5.963,1.2818,1.4693,0.5473,0.3738,0.033,0.0523,2017
Belize,Latin America and Caribbean,50,5.956,0.908,1.0814,0.4502,0.5475,0.0966,0.24,2017
Japan,Eastern Asia,51,5.92,1.4169,1.4363,0.9135,0.5056,0.1638,0.1206,2017
Lithuania,Central and Eastern Europe,52,5.902,1.3146,1.4735,0.6289,0.2342,0.0119,0.0102,2017
Algeria,Middle East and Northern Africa,53,5.872,1.0919,1.1462,0.6176,0.2333,0.1461,0.0694,2017
Latvia,Central and Eastern Europe,54,5.85,1.2607,1.4047,0.6386,0.3257,0.0738,0.1531,2017
South Korea,Eastern Asia,55,5.838,1.4017,1.1283,0.9002,0.2579,0.0633,0.2067,2017
Moldova,Central and Eastern Europe,56,5.838,0.7289,1.2518,0.5895,0.2407,0.0101,0.2088,2017
Romania,Central and Eastern Europe,57,5.825,1.2177,1.1501,0.6852,0.457,0.0044,0.1335,2017
Bolivia,Latin America and Caribbean,58,5.823,0.8338,1.2276,0.4736,0.5587,0.0605,0.2256,2017
Turkmenistan,Central and Eastern Europe,59,5.822,1.1308,1.4931,0.4377,0.4183,0.2593,0.2499,2017
Kazakhstan,Central and Eastern Europe,60,5.819,1.2846,1.3844,0.606,0.4375,0.1193,0.202,2017
North Cyprus,Western Europe,61,5.81,1.3469,1.1863,0.8346,0.4712,0.1554,0.2668,2017
Slovenia,Central and Eastern Europe,62,5.758,1.3412,1.4525,0.7908,0.5726,0.0451,0.2426,2017
Peru,Latin America and Caribbean,63,5.715,1.0352,1.2188,0.6302,0.45,0.047,0.1268,2017
Mauritius,Sub-Saharan Africa,64,5.629,1.1894,1.2096,0.638,0.4912,0.0422,0.3609,2017
Cyprus,Western Europe,65,5.621,1.3559,1.1314,0.8447,0.3551,0.0412,0.2713,2017
Estonia,Central and Eastern Europe,66,5.611,1.3209,1.4767,0.6952,0.4791,0.1832,0.0989,2017
Belarus,Central and Eastern Europe,67,5.569,1.1566,1.4449,0.6377,0.2954,0.1563,0.1551,2017
Libya,Middle East and Northern Africa,68,5.525,1.1018,1.3576,0.5202,0.4657,0.0926,0.1521,2017
Turkey,Middle East and Northern Africa,69,5.5,1.1983,1.3378,0.6376,0.3007,0.0997,0.0467,2017
Paraguay,Latin America and Caribbean,70,5.493,0.9325,1.5073,0.5793,0.4735,0.0911,0.2242,2017
Hong Kong,Eastern Asia,71,5.472,1.5517,1.2628,0.9431,0.491,0.2939,0.3745,2017
Philippines,Southeastern Asia,72,5.43,0.8577,1.2539,0.468,0.5852,0.0993,0.1935,2017
Serbia,Central and Eastern Europe,73,5.395,1.0693,1.2582,0.6508,0.2087,0.0409,0.2201,2017
Jordan,Middle East and Northern Africa,74,5.336,0.991,1.2391,0.6046,0.4184,0.1198,0.1722,2017
Hungary,Central and Eastern Europe,75,5.324,1.286,1.3431,0.6878,0.1759,0.0366,0.0784,2017
Jamaica,Latin America and Caribbean,76,5.311,0.9256,1.3682,0.641,0.4743,0.0553,0.2338,2017
Croatia,Central and Eastern Europe,77,5.293,1.2226,0.968,0.7013,0.2558,0.0431,0.248,2017
Kosovo,Central and Eastern Europe,78,5.279,0.9515,1.1379,0.5415,0.2603,0.0575,0.3199,2017
China,Eastern Asia,79,5.273,1.0812,1.1608,0.7414,0.4728,0.0228,0.0288,2017
Pakistan,Southern Asia,80,5.269,0.7269,0.6727,0.402,0.2352,0.1243,0.3154,2017
Indonesia,Southeastern Asia,81,5.262,0.9955,1.2744,0.4923,0.4433,0.0153,0.6117,2017
Venezuela,Latin America and Caribbean,82,5.25,1.1284,1.4313,0.6171,0.154,0.0645,0.065,2017
Montenegro,Central and Eastern Europe,83,5.237,1.1211,1.2384,0.6675,0.195,0.0882,0.1979,2017
Morocco,Middle East and Northern Africa,84,5.235,0.8781,0.7749,0.5977,0.4082,0.0878,0.0322,2017
Azerbaijan,Central and Eastern Europe,85,5.234,1.1536,1.1524,0.5408,0.3982,0.181,0.0453,2017
Dominican Republic,Latin America and Caribbean,86,5.23,1.0794,1.4024,0.5749,0.5526,0.1139,0.187,2017
Greece,Western Europe,87,5.227,1.2895,1.2394,0.8102,0.0957,0.0433,0.0,2017
Lebanon,Middle East and Northern Africa,88,5.225,1.075,1.1296,0.7351,0.2885,0.0375,0.2645,2017
Portugal,Western Europe,89,5.195,1.3152,1.367,0.7958,0.4985,0.0159,0.0951,2017
Bosnia and Herzegovina,Central and Eastern Europe,90,5.182,0.9824,1.0693,0.7052,0.2044,0.0,0.3289,2017
Honduras,Latin America and Caribbean,91,5.181,0.7306,1.1439,0.5826,0.3481,0.0733,0.2362,2017
Macedonia,Central and Eastern Europe,92,5.175,1.0646,1.2079,0.6449,0.3259,0.0603,0.2538,2017
Somalia,Sub-Saharan Africa,93,5.151,0.0226,0.7212,0.114,0.6021,0.2824,0.2916,2017
Vietnam,Southeastern Asia,94,5.074,0.7885,1.2775,0.6522,0.5711,0.0876,0.235,2017
Nigeria,Sub-Saharan Africa,95,5.074,0.7838,1.2158,0.0569,0.395,0.0261,0.2309,2017
Tajikistan,Central and Eastern Europe,96,5.041,0.5247,1.2715,0.5292,0.4716,0.1464,0.249,2017
Bhutan,Southern Asia,97,5.011,0.8854,1.3401,0.4959,0.5015,0.1734,0.4741,2017
Kyrgyzstan,Central and Eastern Europe,98,5.004,0.5962,1.3942,0.5535,0.4549,0.0394,0.4286,2017
Nepal,Southern Asia,99,4.962,0.4798,1.1793,0.5041,0.4403,0.073,0.3941,2017
Mongolia,Eastern Asia,100,4.955,1.0272,1.493,0.5578,0.3941,0.0329,0.3385,2017
South Africa,Sub-Saharan Africa,101,4.829,1.0547,1.3848,0.1871,0.4792,0.0725,0.1394,2017
Tunisia,Middle East and Northern Africa,102,4.805,1.0073,0.8684,0.6132,0.2897,0.0867,0.0497,2017
Palestinian Territories,Middle East and Northern Africa,103,4.775,0.7162,1.1556,0.5657,0.2547,0.0893,0.1142,2017
Egypt,Middle East and Northern Africa,104,4.735,0.9897,0.9975,0.5202,0.2821,0.1144,0.1286,2017
Bulgaria,Central and Eastern Europe,105,4.714,1.1615,1.4344,0.7082,0.2892,0.0111,0.1132,2017
Sierra Leone,Sub-Saharan Africa,106,4.709,0.3684,0.9841,0.0056,0.3187,0.0711,0.293,2017
Cameroon,Sub-Saharan Africa,107,4.695,0.5643,0.946,0.1329,0.4304,0.0513,0.2363,2017
Iran,Middle East and Northern Africa,108,4.692,1.1569,0.7116,0.6393,0.2493,0.0488,0.3872,2017
Albania,Central and Eastern Europe,109,4.644,0.9962,0.8037,0.7312,0.3815,0.0399,0.2013,2017
Bangladesh, Southern Asia,110,4.608,0.5867,0.7351,0.5332,0.4784,0.1237,0.1723,2017
Namibia,Sub-Saharan Africa,111,4.574,0.9644,1.0985,0.3386,0.5203,0.0931,0.0771,2017
Kenya,Sub-Saharan Africa,112,4.553,0.5605,1.068,0.31,0.4528,0.0646,0.4449,2017
Mozambique,Sub-Saharan Africa,113,4.55,0.2343,0.8707,0.1067,0.4808,0.1794,0.3222,2017
Myanmar,Southeastern Asia,114,4.545,0.3671,1.1232,0.3975,0.5145,0.1888,0.8381,2017
Senegal,Sub-Saharan Africa,115,4.535,0.4793,1.1797,0.4094,0.3779,0.1155,0.1835,2017
Zambia,Sub-Saharan Africa,116,4.514,0.6364,1.0032,0.2578,0.4616,0.0782,0.2496,2017
Iraq,Middle East and Northern Africa,117,4.497,1.1027,0.9786,0.5012,0.2886,0.1072,0.1996,2017
Gabon,Sub-Saharan Africa,118,4.465,1.1982,1.1556,0.3566,0.3123,0.076,0.0438,2017
Ethiopia,Sub-Saharan Africa,119,4.46,0.3392,0.8647,0.3534,0.4088,0.1655,0.3127,2017
Sri Lanka,Southern Asia,120,4.44,1.0099,1.26,0.6251,0.5612,0.0737,0.4909,2017
Armenia,Central and Eastern Europe,121,4.376,0.9006,1.0075,0.6375,0.1983,0.0267,0.0835,2017
India,Southern Asia,122,4.315,0.7922,0.7544,0.4554,0.47,0.0922,0.2315,2017
Mauritania,Sub-Saharan Africa,123,4.292,0.6485,1.272,0.2853,0.0961,0.137,0.2019,2017
Congo (Brazzaville),Sub-Saharan Africa,124,4.291,0.809,0.832,0.29,0.435,0.0796,0.1209,2017
Georgia,Central and Eastern Europe,125,4.286,0.9506,0.5706,0.6495,0.3094,0.2517,0.054,2017
Congo (Kinshasa),Sub-Saharan Africa,126,4.28,0.0921,1.229,0.1914,0.236,0.0602,0.2465,2017
Mali,Sub-Saharan Africa,127,4.19,0.4762,1.2815,0.1694,0.3066,0.105,0.1834,2017
Ivory Coast,Sub-Saharan Africa,128,4.18,0.603,0.9048,0.0486,0.4477,0.1301,0.2012,2017
Cambodia,Southeastern Asia,129,4.168,0.6018,1.0062,0.4298,0.6334,0.0681,0.3859,2017
Sudan,Sub-Saharan Africa,130,4.139,0.6595,1.214,0.2909,0.015,0.0898,0.1823,2017
Ghana,Sub-Saharan Africa,131,4.12,0.6672,0.8737,0.2956,0.423,0.0253,0.2569,2017
Ukraine,Central and Eastern Europe,132,4.096,0.8947,1.3945,0.5759,0.123,0.023,0.2701,2017
Uganda,Sub-Saharan Africa,133,4.081,0.3814,1.1298,0.2176,0.4432,0.0571,0.3258,2017
Burkina Faso,Sub-Saharan Africa,134,4.032,0.3502,1.0433,0.2158,0.3244,0.1203,0.2509,2017
Niger,Sub-Saharan Africa,135,4.028,0.1619,0.993,0.2685,0.3637,0.1386,0.2287,2017
Malawi,Sub-Saharan Africa,136,3.97,0.2334,0.5126,0.3151,0.4669,0.0727,0.2872,2017
Chad,Sub-Saharan Africa,137,3.936,0.438,0.9539,0.0411,0.1623,0.0536,0.2161,2017
Zimbabwe,Sub-Saharan Africa,138,3.875,0.3758,1.0831,0.1968,0.3364,0.0954,0.1891,2017
Lesotho,Sub-Saharan Africa,139,3.808,0.521,1.1901,0.0,0.3907,0.1191,0.1575,2017
Angola,Sub-Saharan Africa,140,3.795,0.8584,1.1044,0.0499,0.0,0.0697,0.0979,2017
Afghanistan,Southern Asia,141,3.794,0.4015,0.5815,0.1807,0.1062,0.0612,0.3119,2017
Botswana,Sub-Saharan Africa,142,3.766,1.1221,1.2216,0.3418,0.5052,0.0986,0.0993,2017
Benin,Sub-Saharan Africa,143,3.657,0.4311,0.4353,0.2099,0.426,0.0609,0.2079,2017
Madagascar,Sub-Saharan Africa,144,3.644,0.3058,0.913,0.3752,0.1892,0.0672,0.2087,2017
Haiti,Latin America and Caribbean,145,3.603,0.3686,0.6404,0.2773,0.0304,0.0999,0.4892,2017
Yemen,Middle East and Northern Africa,146,3.593,0.5917,0.9354,0.3101,0.2495,0.0568,0.1041,2017
South Sudan,Sub-Saharan Africa,147,3.591,0.3972,0.6013,0.1635,0.1471,0.1168,0.2857,2017
Liberia,Sub-Saharan Africa,148,3.533,0.119,0.8721,0.2299,0.3329,0.0389,0.2665,2017
Guinea,Sub-Saharan Africa,149,3.507,0.2445,0.7912,0.1941,0.3486,0.1109,0.2648,2017
Togo,Sub-Saharan Africa,150,3.495,0.3054,0.4319,0.2471,0.3804,0.0957,0.1969,2017
Rwanda,Sub-Saharan Africa,151,3.471,0.3687,0.9457,0.3264,0.5818,0.4552,0.2528,2017
Syria,Middle East and Northern Africa,152,3.462,0.7772,0.3961,0.5005,0.0815,0.1513,0.4937,2017
Tanzania,Sub-Saharan Africa,153,3.349,0.5111,1.042,0.3645,0.39,0.066,0.3543,2017
Burundi,Sub-Saharan Africa,154,2.905,0.0916,0.6298,0.1516,0.0599,0.0841,0.2044,2017
Central African Republic,Sub-Saharan Africa,155,2.693,0.0,0.0,0.0188,0.2708,0.0566,0.2809,2017
Finland,Western Europe,1,7.632,1.305,1.592,0.874,0.681,0.393,0.202,2018
Norway,Western Europe,2,7.594,1.456,1.582,0.861,0.686,0.34,0.286,2018
Denmark,Western Europe,3,7.555,1.351,1.59,0.868,0.683,0.408,0.284,2018
Iceland,Western Europe,4,7.495,1.343,1.644,0.914,0.677,0.138,0.353,2018
Switzerland,Western Europe,5,7.487,1.42,1.549,0.927,0.66,0.357,0.256,2018
Netherlands,Western Europe,6,7.441,1.361,1.488,0.878,0.638,0.295,0.333,2018
Canada,North America,7,7.328,1.33,1.532,0.896,0.653,0.291,0.321,2018
New Zealand,Australia and New Zealand,8,7.324,1.268,1.601,0.876,0.669,0.389,0.365,2018
Sweden,Western Europe,9,7.314,1.355,1.501,0.913,0.659,0.383,0.285,2018
Australia,Australia and New Zealand,10,7.272,1.34,1.573,0.91,0.647,0.302,0.361,2018
United Kingdom,Western Europe,11,7.19,1.244,1.433,0.888,0.464,0.082,0.262,2018
Austria,Western Europe,12,7.139,1.341,1.504,0.891,0.617,0.224,0.242,2018
Costa Rica,Latin America and Caribbean,13,7.072,1.01,1.459,0.817,0.632,0.101,0.143,2018
Ireland,Western Europe,14,6.977,1.448,1.583,0.876,0.614,0.306,0.307,2018
Germany,Western Europe,15,6.965,1.34,1.474,0.861,0.586,0.28,0.273,2018
Belgium,Western Europe,16,6.927,1.324,1.483,0.894,0.583,0.24,0.188,2018
Luxembourg,Western Europe,17,6.91,1.576,1.52,0.896,0.632,0.321,0.196,2018
United States,North America,18,6.886,1.398,1.471,0.819,0.547,0.133,0.291,2018
Israel,Middle East and Northern Africa,19,6.814,1.301,1.559,0.883,0.533,0.272,0.354,2018
Czech Republic,Central and Eastern Europe,21,6.711,1.233,1.489,0.854,0.543,0.034,0.064,2018
Malta,Western Europe,22,6.627,1.27,1.525,0.884,0.645,0.142,0.376,2018
France,Western Europe,23,6.489,1.293,1.466,0.908,0.52,0.176,0.098,2018
Mexico,Latin America and Caribbean,24,6.488,1.038,1.252,0.761,0.479,0.095,0.069,2018
Chile,Latin America and Caribbean,25,6.476,1.131,1.331,0.808,0.431,0.061,0.197,2018
Taiwan,Eastern Asia,26,6.441,1.365,1.436,0.857,0.418,0.078,0.151,2018
Panama,Latin America and Caribbean,27,6.43,1.112,1.438,0.759,0.597,0.063,0.125,2018
Brazil,Latin America and Caribbean,28,6.419,0.986,1.474,0.675,0.493,0.088,0.11,2018
Argentina,Latin America and Caribbean,29,6.388,1.073,1.468,0.744,0.57,0.054,0.062,2018
Guatemala,Latin America and Caribbean,30,6.382,0.781,1.268,0.608,0.604,0.071,0.179,2018
Uruguay,Latin America and Caribbean,31,6.379,1.093,1.459,0.771,0.625,0.155,0.13,2018
Qatar,Middle East and Northern Africa,32,6.374,1.649,1.303,0.748,0.654,0.171,0.256,2018
Saudi Arabia,Middle East and Northern Africa,33,6.371,1.379,1.331,0.633,0.509,0.127,0.098,2018
Singapore,Southeastern Asia,34,6.343,1.529,1.451,1.008,0.631,0.457,0.261,2018
Malaysia,Southeastern Asia,35,6.322,1.161,1.258,0.669,0.356,0.059,0.311,2018
Spain,Western Europe,36,6.31,1.251,1.538,0.965,0.449,0.074,0.142,2018
Colombia,Latin America and Caribbean,37,6.26,0.96,1.439,0.635,0.531,0.039,0.099,2018
Trinidad & Tobago,Latin America and Caribbean,38,6.192,1.223,1.492,0.564,0.575,0.019,0.171,2018
Slovakia,Central and Eastern Europe,39,6.173,1.21,1.537,0.776,0.354,0.014,0.118,2018
El Salvador,Latin America and Caribbean,40,6.167,0.806,1.231,0.639,0.461,0.082,0.065,2018
Nicaragua,Latin America and Caribbean,41,6.141,0.668,1.319,0.7,0.527,0.128,0.208,2018
Poland,Central and Eastern Europe,42,6.123,1.176,1.448,0.781,0.546,0.064,0.108,2018
Bahrain,Middle East and Northern Africa,43,6.105,1.338,1.366,0.698,0.594,0.123,0.243,2018
Uzbekistan,Central and Eastern Europe,44,6.096,0.719,1.584,0.605,0.724,0.259,0.328,2018
Kuwait,Middle East and Northern Africa,45,6.083,1.474,1.301,0.675,0.554,0.106,0.167,2018
Thailand,Southeastern Asia,46,6.072,1.016,1.417,0.707,0.637,0.029,0.364,2018
Italy,Western Europe,47,6.0,1.264,1.501,0.946,0.281,0.028,0.137,2018
Ecuador,Latin America and Caribbean,48,5.973,0.889,1.33,0.736,0.556,0.12,0.114,2018
Belize,Latin America and Caribbean,49,5.956,0.807,1.101,0.474,0.593,0.089,0.183,2018
Lithuania,Central and Eastern Europe,50,5.952,1.197,1.527,0.716,0.35,0.006,0.026,2018
Slovenia,Central and Eastern Europe,51,5.948,1.219,1.506,0.856,0.633,0.051,0.16,2018
Romania,Central and Eastern Europe,52,5.945,1.116,1.219,0.726,0.528,0.001,0.088,2018
Latvia,Central and Eastern Europe,53,5.933,1.148,1.454,0.671,0.363,0.066,0.092,2018
Japan,Eastern Asia,54,5.915,1.294,1.462,0.988,0.553,0.15,0.079,2018
Mauritius,Sub-Saharan Africa,55,5.891,1.09,1.387,0.684,0.584,0.05,0.245,2018
Jamaica,Latin America and Caribbean,56,5.89,0.819,1.493,0.693,0.575,0.031,0.096,2018
South Korea,Eastern Asia,57,5.875,1.266,1.204,0.955,0.244,0.051,0.175,2018
North Cyprus,Western Europe,58,5.835,1.229,1.211,0.909,0.495,0.154,0.179,2018
Russia,Central and Eastern Europe,59,5.81,1.151,1.479,0.599,0.399,0.025,0.065,2018
Kazakhstan,Central and Eastern Europe,60,5.79,1.143,1.516,0.631,0.454,0.121,0.148,2018
Cyprus,Western Europe,61,5.762,1.229,1.191,0.909,0.423,0.035,0.202,2018
Bolivia,Latin America and Caribbean,62,5.752,0.751,1.223,0.508,0.606,0.054,0.141,2018
Estonia,Central and Eastern Europe,63,5.739,1.2,1.532,0.737,0.553,0.174,0.086,2018
Paraguay,Latin America and Caribbean,64,5.681,0.835,1.522,0.615,0.541,0.074,0.162,2018
Peru,Latin America and Caribbean,65,5.663,0.934,1.249,0.674,0.53,0.034,0.092,2018
Kosovo,Central and Eastern Europe,66,5.662,0.855,1.23,0.578,0.448,0.023,0.274,2018
Moldova,Central and Eastern Europe,67,5.64,0.657,1.301,0.62,0.232,0.0,0.171,2018
Turkmenistan,Central and Eastern Europe,68,5.636,1.016,1.533,0.517,0.417,0.037,0.199,2018
Hungary,Central and Eastern Europe,69,5.62,1.171,1.401,0.732,0.259,0.022,0.061,2018
Libya,Middle East and Northern Africa,70,5.566,0.985,1.35,0.553,0.496,0.148,0.116,2018
Philippines,Southeastern Asia,71,5.524,0.775,1.312,0.513,0.643,0.105,0.12,2018
Honduras,Latin America and Caribbean,72,5.504,0.62,1.205,0.622,0.459,0.074,0.197,2018
Belarus,Central and Eastern Europe,73,5.483,1.039,1.498,0.7,0.307,0.154,0.101,2018
Turkey,Middle East and Northern Africa,74,5.483,1.148,1.38,0.686,0.324,0.109,0.106,2018
Pakistan,Southern Asia,75,5.472,0.652,0.81,0.424,0.334,0.113,0.216,2018
Hong Kong,Eastern Asia,76,5.43,1.405,1.29,1.03,0.524,0.291,0.246,2018
Portugal,Western Europe,77,5.41,1.188,1.429,0.884,0.562,0.017,0.055,2018
Serbia,Central and Eastern Europe,78,5.398,0.975,1.369,0.685,0.288,0.043,0.134,2018
Greece,Western Europe,79,5.358,1.154,1.202,0.879,0.131,0.044,0.0,2018
Lebanon,Middle East and Northern Africa,80,5.358,0.965,1.179,0.785,0.503,0.136,0.214,2018
Montenegro,Central and Eastern Europe,81,5.347,1.017,1.279,0.729,0.259,0.081,0.111,2018
Croatia,Central and Eastern Europe,82,5.321,1.115,1.161,0.737,0.38,0.039,0.12,2018
Dominican Republic,Latin America and Caribbean,83,5.302,0.982,1.441,0.614,0.578,0.106,0.12,2018
Algeria,Middle East and Northern Africa,84,5.295,0.979,1.154,0.687,0.077,0.135,0.055,2018
Morocco,Middle East and Northern Africa,85,5.254,0.779,0.797,0.669,0.46,0.074,0.026,2018
China,Eastern Asia,86,5.246,0.989,1.142,0.799,0.597,0.103,0.029,2018
Azerbaijan,Central and Eastern Europe,87,5.201,1.024,1.161,0.603,0.43,0.176,0.031,2018
Tajikistan,Central and Eastern Europe,88,5.199,0.474,1.166,0.598,0.292,0.034,0.187,2018
Macedonia,Central and Eastern Europe,89,5.185,0.959,1.239,0.691,0.394,0.052,0.173,2018
Jordan,Middle East and Northern Africa,90,5.161,0.822,1.265,0.645,0.468,0.134,0.13,2018
Nigeria,Sub-Saharan Africa,91,5.155,0.689,1.172,0.048,0.462,0.032,0.201,2018
Kyrgyzstan,Central and Eastern Europe,92,5.131,0.53,1.416,0.594,0.54,0.035,0.281,2018
Bosnia and Herzegovina,Central and Eastern Europe,93,5.129,0.915,1.078,0.758,0.28,0.0,0.216,2018
Mongolia,Eastern Asia,94,5.125,0.914,1.517,0.575,0.395,0.032,0.253,2018
Vietnam,Southeastern Asia,95,5.103,0.715,1.365,0.702,0.618,0.079,0.177,2018
Indonesia,Southeastern Asia,96,5.093,0.899,1.215,0.522,0.538,0.018,0.484,2018
Bhutan,Southern Asia,97,5.082,0.796,1.335,0.527,0.541,0.171,0.364,2018
Somalia,Sub-Saharan Africa,98,4.982,0.0,0.712,0.115,0.674,0.282,0.238,2018
Cameroon,Sub-Saharan Africa,99,4.975,0.535,0.891,0.182,0.454,0.043,0.183,2018
Bulgaria,Central and Eastern Europe,100,4.933,1.054,1.515,0.712,0.359,0.009,0.064,2018
Nepal,Southern Asia,101,4.88,0.425,1.228,0.539,0.526,0.078,0.302,2018
Venezuela,Latin America and Caribbean,102,4.806,0.996,1.469,0.657,0.133,0.052,0.056,2018
Gabon,Sub-Saharan Africa,103,4.758,1.036,1.164,0.404,0.356,0.052,0.032,2018
Palestinian Territories,Middle East and Northern Africa,104,4.743,0.642,1.217,0.602,0.266,0.076,0.086,2018
South Africa,Sub-Saharan Africa,105,4.724,0.94,1.41,0.33,0.516,0.056,0.103,2018
Iran,Middle East and Northern Africa,106,4.707,1.059,0.771,0.691,0.459,0.129,0.282,2018
Ivory Coast,Sub-Saharan Africa,107,4.671,0.541,0.872,0.08,0.467,0.103,0.146,2018
Ghana,Sub-Saharan Africa,108,4.657,0.592,0.896,0.337,0.499,0.029,0.212,2018
Senegal,Sub-Saharan Africa,109,4.631,0.429,1.117,0.433,0.406,0.082,0.138,2018
Laos,Southeastern Asia,110,4.623,0.72,1.034,0.441,0.626,0.174,0.23,2018
Tunisia,Middle East and Northern Africa,111,4.592,0.9,0.906,0.69,0.271,0.063,0.04,2018
Albania,Central and Eastern Europe,112,4.586,0.916,0.817,0.79,0.419,0.032,0.149,2018
Sierra Leone,Sub-Saharan Africa,113,4.571,0.256,0.813,0.0,0.355,0.053,0.238,2018
Congo (Brazzaville),Sub-Saharan Africa,114,4.559,0.682,0.811,0.343,0.514,0.077,0.091,2018
Bangladesh,Southern Asia,115,4.5,0.532,0.85,0.579,0.58,0.144,0.153,2018
Sri Lanka,Southern Asia,116,4.471,0.918,1.314,0.672,0.585,0.05,0.307,2018
Iraq,Middle East and Northern Africa,117,4.456,1.01,0.971,0.536,0.304,0.095,0.148,2018
Mali,Sub-Saharan Africa,118,4.447,0.37,1.233,0.152,0.367,0.056,0.139,2018
Namibia,Sub-Saharan Africa,119,4.441,0.874,1.281,0.365,0.519,0.064,0.051,2018
Cambodia,Southeastern Asia,120,4.433,0.549,1.088,0.457,0.696,0.065,0.256,2018
Burkina Faso,Sub-Saharan Africa,121,4.424,0.314,1.097,0.254,0.312,0.128,0.175,2018
Egypt,Middle East and Northern Africa,122,4.419,0.885,1.025,0.553,0.312,0.107,0.092,2018
Mozambique,Sub-Saharan Africa,123,4.417,0.198,0.902,0.173,0.531,0.158,0.206,2018
Kenya,Sub-Saharan Africa,124,4.41,0.493,1.048,0.454,0.504,0.055,0.352,2018
Zambia,Sub-Saharan Africa,125,4.377,0.562,1.047,0.295,0.503,0.082,0.221,2018
Mauritania,Sub-Saharan Africa,126,4.356,0.557,1.245,0.292,0.129,0.093,0.134,2018
Ethiopia,Sub-Saharan Africa,127,4.35,0.308,0.95,0.391,0.452,0.146,0.22,2018
Georgia,Central and Eastern Europe,128,4.34,0.853,0.592,0.643,0.375,0.215,0.038,2018
Armenia,Central and Eastern Europe,129,4.321,0.816,0.99,0.666,0.26,0.028,0.077,2018
Myanmar,Southeastern Asia,130,4.308,0.682,1.174,0.429,0.58,0.178,0.598,2018
Chad,Sub-Saharan Africa,131,4.301,0.358,0.907,0.053,0.189,0.06,0.181,2018
Congo (Kinshasa),Sub-Saharan Africa,132,4.245,0.069,1.136,0.204,0.312,0.052,0.197,2018
India,Southern Asia,133,4.19,0.721,0.747,0.485,0.539,0.093,0.172,2018
Niger,Sub-Saharan Africa,134,4.166,0.131,0.867,0.221,0.39,0.099,0.175,2018
Uganda,Sub-Saharan Africa,135,4.161,0.322,1.09,0.237,0.45,0.061,0.259,2018
Benin,Sub-Saharan Africa,136,4.141,0.378,0.372,0.24,0.44,0.067,0.163,2018
Sudan,Sub-Saharan Africa,137,4.139,0.605,1.24,0.312,0.016,0.082,0.134,2018
Ukraine,Central and Eastern Europe,138,4.103,0.793,1.413,0.609,0.163,0.011,0.187,2018
Togo,Sub-Saharan Africa,139,3.999,0.259,0.474,0.253,0.434,0.101,0.158,2018
Guinea,Sub-Saharan Africa,140,3.964,0.344,0.792,0.211,0.394,0.094,0.185,2018
Lesotho,Sub-Saharan Africa,141,3.808,0.472,1.215,0.079,0.423,0.112,0.116,2018
Angola,Sub-Saharan Africa,142,3.795,0.73,1.125,0.269,0.0,0.061,0.079,2018
Madagascar,Sub-Saharan Africa,143,3.774,0.262,0.908,0.402,0.221,0.049,0.155,2018
Zimbabwe,Sub-Saharan Africa,144,3.692,0.357,1.094,0.248,0.406,0.099,0.132,2018
Afghanistan,Southern Asia,145,3.632,0.332,0.537,0.255,0.085,0.036,0.191,2018
Botswana,Sub-Saharan Africa,146,3.59,1.017,1.174,0.417,0.557,0.092,0.042,2018
Malawi,Sub-Saharan Africa,147,3.587,0.186,0.541,0.306,0.531,0.08,0.21,2018
Haiti,Latin America and Caribbean,148,3.582,0.315,0.714,0.289,0.025,0.104,0.392,2018
Liberia,Sub-Saharan Africa,149,3.495,0.076,0.858,0.267,0.419,0.03,0.206,2018
Syria,Middle East and Northern Africa,150,3.462,0.689,0.382,0.539,0.088,0.144,0.376,2018
Rwanda,Sub-Saharan Africa,151,3.408,0.332,0.896,0.4,0.636,0.444,0.2,2018
Yemen,Middle East and Northern Africa,152,3.355,0.442,1.073,0.343,0.244,0.064,0.083,2018
Tanzania,Sub-Saharan Africa,153,3.303,0.455,0.991,0.381,0.481,0.097,0.27,2018
South Sudan,Sub-Saharan Africa,154,3.254,0.337,0.608,0.177,0.112,0.106,0.224,2018
Central African Republic,Sub-Saharan Africa,155,3.083,0.024,0.0,0.01,0.305,0.038,0.218,2018
Burundi,Sub-Saharan Africa,156,2.905,0.091,0.627,0.145,0.065,0.076,0.149,2018
Finland,Western Europe,1,7.769,1.34,1.587,0.986,0.596,0.393,0.153,2019
Denmark,Western Europe,2,7.6,1.383,1.573,0.996,0.592,0.41,0.252,2019
Norway,Western Europe,3,7.554,1.488,1.582,1.028,0.603,0.341,0.271,2019
Iceland,Western Europe,4,7.494,1.38,1.624,1.026,0.591,0.118,0.354,2019
Netherlands,Western Europe,5,7.488,1.396,1.522,0.999,0.557,0.298,0.322,2019
Switzerland,Western Europe,6,7.48,1.452,1.526,1.052,0.572,0.343,0.263,2019
Sweden,Western Europe,7,7.343,1.387,1.487,1.009,0.574,0.373,0.267,2019
New Zealand,Australia and New Zealand,8,7.307,1.303,1.557,1.026,0.585,0.38,0.33,2019
Canada,North America,9,7.278,1.365,1.505,1.039,0.584,0.308,0.285,2019
Austria,Western Europe,10,7.246,1.376,1.475,1.016,0.532,0.226,0.244,2019
Australia,Australia and New Zealand,11,7.228,1.372,1.548,1.036,0.557,0.29,0.332,2019
Costa Rica,Latin America and Caribbean,12,7.167,1.034,1.441,0.963,0.558,0.093,0.144,2019
Israel,Middle East and Northern Africa,13,7.139,1.276,1.455,1.029,0.371,0.082,0.261,2019
Luxembourg,Western Europe,14,7.09,1.609,1.479,1.012,0.526,0.316,0.194,2019
United Kingdom,Western Europe,15,7.054,1.333,1.538,0.996,0.45,0.278,0.348,2019
Ireland,Western Europe,16,7.021,1.499,1.553,0.999,0.516,0.31,0.298,2019
Germany,Western Europe,17,6.985,1.373,1.454,0.987,0.495,0.265,0.261,2019
Belgium,Western Europe,18,6.923,1.356,1.504,0.986,0.473,0.21,0.16,2019
United States,North America,19,6.892,1.433,1.457,0.874,0.454,0.128,0.28,2019
Czech Republic,Central and Eastern Europe,20,6.852,1.269,1.487,0.92,0.457,0.036,0.046,2019
United Arab Emirates,Middle East and Northern Africa,21,6.825,1.503,1.31,0.825,0.598,0.182,0.262,2019
Malta,Western Europe,22,6.726,1.3,1.52,0.999,0.564,0.151,0.375,2019
Mexico,Latin America and Caribbean,23,6.595,1.07,1.323,0.861,0.433,0.073,0.074,2019
France,Western Europe,24,6.592,1.324,1.472,1.045,0.436,0.183,0.111,2019
Taiwan,Eastern Asia,25,6.446,1.368,1.43,0.914,0.351,0.097,0.242,2019
Chile,Latin America and Caribbean,26,6.444,1.159,1.369,0.92,0.357,0.056,0.187,2019
Guatemala,Latin America and Caribbean,27,6.436,0.8,1.269,0.746,0.535,0.078,0.175,2019
Saudi Arabia,Middle East and Northern Africa,28,6.375,1.403,1.357,0.795,0.439,0.132,0.08,2019
Qatar,Middle East and Northern Africa,29,6.374,1.684,1.313,0.871,0.555,0.167,0.22,2019
Spain,Western Europe,30,6.354,1.286,1.484,1.062,0.362,0.079,0.153,2019
Panama,Latin America and Caribbean,31,6.321,1.149,1.442,0.91,0.516,0.054,0.109,2019
Brazil,Latin America and Caribbean,32,6.3,1.004,1.439,0.802,0.39,0.086,0.099,2019
Uruguay,Latin America and Caribbean,33,6.293,1.124,1.465,0.891,0.523,0.15,0.127,2019
Singapore,Southeastern Asia,34,6.262,1.572,1.463,1.141,0.556,0.453,0.271,2019
El Salvador,Latin America and Caribbean,35,6.253,0.794,1.242,0.789,0.43,0.074,0.093,2019
Italy,Western Europe,36,6.223,1.294,1.488,1.039,0.231,0.03,0.158,2019
Bahrain,Middle East and Northern Africa,37,6.199,1.362,1.368,0.871,0.536,0.11,0.255,2019
Slovakia,Central and Eastern Europe,38,6.198,1.246,1.504,0.881,0.334,0.014,0.121,2019
Trinidad & Tobago,Latin America and Caribbean,39,6.192,1.231,1.477,0.713,0.489,0.016,0.185,2019
Poland,Central and Eastern Europe,40,6.182,1.206,1.438,0.884,0.483,0.05,0.117,2019
Uzbekistan,Central and Eastern Europe,41,6.174,0.745,1.529,0.756,0.631,0.24,0.322,2019
Lithuania,Central and Eastern Europe,42,6.149,1.238,1.515,0.818,0.291,0.042,0.043,2019
Colombia,Latin America and Caribbean,43,6.125,0.985,1.41,0.841,0.47,0.034,0.099,2019
Slovenia,Central and Eastern Europe,44,6.118,1.258,1.523,0.953,0.564,0.057,0.144,2019
Nicaragua,Latin America and Caribbean,45,6.105,0.694,1.325,0.835,0.435,0.127,0.2,2019
Kosovo,Central and Eastern Europe,46,6.1,0.882,1.232,0.758,0.489,0.006,0.262,2019
Argentina,Latin America and Caribbean,47,6.086,1.092,1.432,0.881,0.471,0.05,0.066,2019
Romania,Central and Eastern Europe,48,6.07,1.162,1.232,0.825,0.462,0.005,0.083,2019
Cyprus,Western Europe,49,6.046,1.263,1.223,1.042,0.406,0.041,0.19,2019
Ecuador,Latin America and Caribbean,50,6.028,0.912,1.312,0.868,0.498,0.087,0.126,2019
Kuwait,Middle East and Northern Africa,51,6.021,1.5,1.319,0.808,0.493,0.097,0.142,2019
Thailand,Southeastern Asia,52,6.008,1.05,1.409,0.828,0.557,0.028,0.359,2019
Latvia,Central and Eastern Europe,53,5.94,1.187,1.465,0.812,0.264,0.064,0.075,2019
South Korea,Eastern Asia,54,5.895,1.301,1.219,1.036,0.159,0.056,0.175,2019
Estonia,Central and Eastern Europe,55,5.893,1.237,1.528,0.874,0.495,0.161,0.103,2019
Jamaica,Latin America and Caribbean,56,5.89,0.831,1.478,0.831,0.49,0.028,0.107,2019
Mauritius,Sub-Saharan Africa,57,5.888,1.12,1.402,0.798,0.498,0.06,0.215,2019
Japan,Eastern Asia,58,5.886,1.327,1.419,1.088,0.445,0.14,0.069,2019
Honduras,Latin America and Caribbean,59,5.86,0.642,1.236,0.828,0.507,0.078,0.246,2019
Kazakhstan,Central and Eastern Europe,60,5.809,1.173,1.508,0.729,0.41,0.096,0.146,2019
Bolivia,Latin America and Caribbean,61,5.779,0.776,1.209,0.706,0.511,0.064,0.137,2019
Hungary,Central and Eastern Europe,62,5.758,1.201,1.41,0.828,0.199,0.02,0.081,2019
Paraguay,Latin America and Caribbean,63,5.743,0.855,1.475,0.777,0.514,0.08,0.184,2019
North Cyprus,Western Europe,64,5.718,1.263,1.252,1.042,0.417,0.162,0.191,2019
Peru,Latin America and Caribbean,65,5.697,0.96,1.274,0.854,0.455,0.027,0.083,2019
Portugal,Western Europe,66,5.693,1.221,1.431,0.999,0.508,0.025,0.047,2019
Pakistan,Southern Asia,67,5.653,0.677,0.886,0.535,0.313,0.098,0.22,2019
Russia,Central and Eastern Europe,68,5.648,1.183,1.452,0.726,0.334,0.031,0.082,2019
Philippines,Southeastern Asia,69,5.631,0.807,1.293,0.657,0.558,0.107,0.117,2019
Serbia,Central and Eastern Europe,70,5.603,1.004,1.383,0.854,0.282,0.039,0.137,2019
Moldova,Central and Eastern Europe,71,5.529,0.685,1.328,0.739,0.245,0.0,0.181,2019
Libya,Middle East and Northern Africa,72,5.525,1.044,1.303,0.673,0.416,0.152,0.133,2019
Montenegro,Central and Eastern Europe,73,5.523,1.051,1.361,0.871,0.197,0.08,0.142,2019
Tajikistan,Central and Eastern Europe,74,5.467,0.493,1.098,0.718,0.389,0.144,0.23,2019
Croatia,Central and Eastern Europe,75,5.432,1.155,1.266,0.914,0.296,0.022,0.119,2019
Hong Kong,Eastern Asia,76,5.43,1.438,1.277,1.122,0.44,0.287,0.258,2019
Dominican Republic,Latin America and Caribbean,77,5.425,1.015,1.401,0.779,0.497,0.101,0.113,2019
Bosnia and Herzegovina,Central and Eastern Europe,78,5.386,0.945,1.212,0.845,0.212,0.006,0.263,2019
Turkey,Middle East and Northern Africa,79,5.373,1.183,1.36,0.808,0.195,0.106,0.083,2019
Malaysia,Southeastern Asia,80,5.339,1.221,1.171,0.828,0.508,0.024,0.26,2019
Belarus,Central and Eastern Europe,81,5.323,1.067,1.465,0.789,0.235,0.142,0.094,2019
Greece,Western Europe,82,5.287,1.181,1.156,0.999,0.067,0.034,0.0,2019
Mongolia,Eastern Asia,83,5.285,0.948,1.531,0.667,0.317,0.038,0.235,2019
North Macedonia,Central and Eastern Europe,84,5.274,0.983,1.294,0.838,0.345,0.034,0.185,2019
Nigeria,Sub-Saharan Africa,85,5.265,0.696,1.111,0.245,0.426,0.041,0.215,2019
Kyrgyzstan,Central and Eastern Europe,86,5.261,0.551,1.438,0.723,0.508,0.023,0.3,2019
Turkmenistan,Central and Eastern Europe,87,5.247,1.052,1.538,0.657,0.394,0.028,0.244,2019
Algeria,Middle East and Northern Africa,88,5.211,1.002,1.16,0.785,0.086,0.114,0.073,2019
Morocco,Middle East and Northern Africa,89,5.208,0.801,0.782,0.782,0.418,0.076,0.036,2019
Azerbaijan,Central and Eastern Europe,90,5.208,1.043,1.147,0.769,0.351,0.182,0.035,2019
Lebanon,Middle East and Northern Africa,91,5.197,0.987,1.224,0.815,0.216,0.027,0.166,2019
Indonesia,Southeastern Asia,92,5.192,0.931,1.203,0.66,0.491,0.028,0.498,2019
China,Eastern Asia,93,5.191,1.029,1.125,0.893,0.521,0.1,0.058,2019
Vietnam,Southeastern Asia,94,5.175,0.741,1.346,0.851,0.543,0.073,0.147,2019
Bhutan,Southern Asia,95,5.082,0.813,1.321,0.604,0.457,0.167,0.37,2019
Cameroon,Sub-Saharan Africa,96,5.044,0.549,0.91,0.331,0.381,0.037,0.187,2019
Bulgaria,Central and Eastern Europe,97,5.011,1.092,1.513,0.815,0.311,0.004,0.081,2019
Ghana,Sub-Saharan Africa,98,4.996,0.611,0.868,0.486,0.381,0.04,0.245,2019
Ivory Coast,Sub-Saharan Africa,99,4.944,0.569,0.808,0.232,0.352,0.09,0.154,2019
Nepal,Southern Asia,100,4.913,0.446,1.226,0.677,0.439,0.089,0.285,2019
Jordan,Middle East and Northern Africa,101,4.906,0.837,1.225,0.815,0.383,0.13,0.11,2019
Benin,Sub-Saharan Africa,102,4.883,0.393,0.437,0.397,0.349,0.082,0.175,2019
Congo (Brazzaville),Sub-Saharan Africa,103,4.812,0.673,0.799,0.508,0.372,0.093,0.105,2019
Gabon,Sub-Saharan Africa,104,4.799,1.057,1.183,0.571,0.295,0.055,0.043,2019
Laos,Southeastern Asia,105,4.796,0.764,1.03,0.551,0.547,0.164,0.266,2019
South Africa,Sub-Saharan Africa,106,4.722,0.96,1.351,0.469,0.389,0.055,0.13,2019
Albania,Central and Eastern Europe,107,4.719,0.947,0.848,0.874,0.383,0.027,0.178,2019
Venezuela,Latin America and Caribbean,108,4.707,0.96,1.427,0.805,0.154,0.047,0.064,2019
Cambodia,Southeastern Asia,109,4.7,0.574,1.122,0.637,0.609,0.062,0.232,2019
Palestinian Territories,Middle East and Northern Africa,110,4.696,0.657,1.247,0.672,0.225,0.066,0.103,2019
Senegal,Sub-Saharan Africa,111,4.681,0.45,1.134,0.571,0.292,0.072,0.153,2019
Somalia,Sub-Saharan Africa,112,4.668,0.0,0.698,0.268,0.559,0.27,0.243,2019
Namibia,Sub-Saharan Africa,113,4.639,0.879,1.313,0.477,0.401,0.056,0.07,2019
Niger,Sub-Saharan Africa,114,4.628,0.138,0.774,0.366,0.318,0.102,0.188,2019
Burkina Faso,Sub-Saharan Africa,115,4.587,0.331,1.056,0.38,0.255,0.113,0.177,2019
Armenia,Central and Eastern Europe,116,4.559,0.85,1.055,0.815,0.283,0.064,0.095,2019
Iran,Middle East and Northern Africa,117,4.548,1.1,0.842,0.785,0.305,0.125,0.27,2019
Guinea,Sub-Saharan Africa,118,4.534,0.38,0.829,0.375,0.332,0.086,0.207,2019
Georgia,Central and Eastern Europe,119,4.519,0.886,0.666,0.752,0.346,0.164,0.043,2019
Gambia,Sub-Saharan Africa,120,4.516,0.308,0.939,0.428,0.382,0.167,0.269,2019
Kenya,Sub-Saharan Africa,121,4.509,0.512,0.983,0.581,0.431,0.053,0.372,2019
Mauritania,Sub-Saharan Africa,122,4.49,0.57,1.167,0.489,0.066,0.088,0.106,2019
Mozambique,Sub-Saharan Africa,123,4.466,0.204,0.986,0.39,0.494,0.138,0.197,2019
Tunisia,Middle East and Northern Africa,124,4.461,0.921,1.0,0.815,0.167,0.055,0.059,2019
Bangladesh,Southern Asia,125,4.456,0.562,0.928,0.723,0.527,0.143,0.166,2019
Iraq,Middle East and Northern Africa,126,4.437,1.043,0.98,0.574,0.241,0.089,0.148,2019
Congo (Kinshasa),Sub-Saharan Africa,127,4.418,0.094,1.125,0.357,0.269,0.053,0.212,2019
Mali,Sub-Saharan Africa,128,4.39,0.385,1.105,0.308,0.327,0.052,0.153,2019
Sierra Leone,Sub-Saharan Africa,129,4.374,0.268,0.841,0.242,0.309,0.045,0.252,2019
Sri Lanka,Southern Asia,130,4.366,0.949,1.265,0.831,0.47,0.047,0.244,2019
Myanmar,Southeastern Asia,131,4.36,0.71,1.181,0.555,0.525,0.172,0.566,2019
Chad,Sub-Saharan Africa,132,4.35,0.35,0.766,0.192,0.174,0.078,0.198,2019
Ukraine,Central and Eastern Europe,133,4.332,0.82,1.39,0.739,0.178,0.01,0.187,2019
Ethiopia,Sub-Saharan Africa,134,4.286,0.336,1.033,0.532,0.344,0.1,0.209,2019
Swaziland,Western Europe,135,4.212,0.811,1.149,0.0,0.313,0.135,0.074,2019
Uganda,Sub-Saharan Africa,136,4.189,0.332,1.069,0.443,0.356,0.06,0.252,2019
Egypt,Middle East and Northern Africa,137,4.166,0.913,1.039,0.644,0.241,0.067,0.076,2019
Zambia,Sub-Saharan Africa,138,4.107,0.578,1.058,0.426,0.431,0.087,0.247,2019
Togo,Sub-Saharan Africa,139,4.085,0.275,0.572,0.41,0.293,0.085,0.177,2019
India,Southern Asia,140,4.015,0.755,0.765,0.588,0.498,0.085,0.2,2019
Liberia,Sub-Saharan Africa,141,3.975,0.073,0.922,0.443,0.37,0.033,0.233,2019
Comoros,Sub-Saharan Africa,142,3.973,0.274,0.757,0.505,0.142,0.078,0.275,2019
Madagascar,Sub-Saharan Africa,143,3.933,0.274,0.916,0.555,0.148,0.041,0.169,2019
Lesotho,Sub-Saharan Africa,144,3.802,0.489,1.169,0.168,0.359,0.093,0.107,2019
Burundi,Sub-Saharan Africa,145,3.775,0.046,0.447,0.38,0.22,0.18,0.176,2019
Zimbabwe,Sub-Saharan Africa,146,3.663,0.366,1.114,0.433,0.361,0.089,0.151,2019
Haiti,Latin America and Caribbean,147,3.597,0.323,0.688,0.449,0.026,0.11,0.419,2019
Botswana,Sub-Saharan Africa,148,3.488,1.041,1.145,0.538,0.455,0.1,0.025,2019
Syria,Middle East and Northern Africa,149,3.462,0.619,0.378,0.44,0.013,0.141,0.331,2019
Malawi,Sub-Saharan Africa,150,3.41,0.191,0.56,0.495,0.443,0.089,0.218,2019
Yemen,Middle East and Northern Africa,151,3.38,0.287,1.163,0.463,0.143,0.077,0.108,2019
Rwanda,Sub-Saharan Africa,152,3.334,0.359,0.711,0.614,0.555,0.411,0.217,2019
Tanzania,Sub-Saharan Africa,153,3.231,0.476,0.885,0.499,0.417,0.147,0.276,2019
Afghanistan,Southern Asia,154,3.203,0.35,0.517,0.361,0.0,0.025,0.158,2019
Central African Republic,Sub-Saharan Africa,155,3.083,0.026,0.0,0.105,0.225,0.035,0.235,2019
South Sudan,Sub-Saharan Africa,156,2.853,0.306,0.575,0.295,0.01,0.091,0.202,2019